Girl Name,Boy Name
Olivia,Liam
Emma,Noah
Charlotte,Oliver
Amelia,James
Sophia,Elijah
Isabella,William
Ava,Henry
Mia,Lucas
Evelyn,Benjamin
Luna,Theodore
Harper,Mateo
Camila,Levi
Sofia,Sebastian
Scarlett,Daniel
Elizabeth,Jack
Eleanor,Michael
Emily,Alexander
Chloe,Owen
Mila,Asher
Violet,Samuel
Penelope,Ethan
Gianna,Leo
Aria,Jackson
Abigail,Mason
Ella,Ezra
Avery,John
Hazel,Hudson
Nora,Luca
Layla,Aiden
Lily,Joseph
Aurora,David
Nova,Jacob
Ellie,Logan
Madison,Luke
Grace,Julian
Isla,Gabriel
Willow,Grayson
Zoe,Wyatt
Riley,Matthew
Stella,Maverick
Eliana,Dylan
Ivy,Isaac
Victoria,Elias
Emilia,Anthony
Zoey,Thomas
Naomi,Jayden
Hannah,Carter
Lucy,Santiago
Elena,Ezekiel
Lillian,Charles
Maya,Josiah
Leah,Caleb
Paisley,Cooper
Addison,Lincoln
Natalie,Miles
Valentina,Christopher
Everly,Nathan
Delilah,Isaiah
Leilani,Kai
Madelyn,Joshua
Kinsley,Andrew
Ruby,Angel
Sophie,Adrian
Alice,Cameron
Genesis,Nolan
Claire,Waylon
Audrey,Jaxon
Sadie,Roman
Aaliyah,Eli
Josephine,Wesley
Autumn,Aaron
Brooklyn,Ian
Quinn,Christian
Kennedy,Ryan
Cora,Leonardo
Savannah,Brooks
Caroline,Axel
Athena,Walker
Natalia,Jonathan
Hailey,Easton
Aubrey,Everett
Emery,Weston
Anna,Bennett
Iris,Robert
Bella,Jameson
Eloise,Landon
Skylar,Silas
Jade,Jose
Gabriella,Beau
Ariana,Micah
Maria,Colton
Adeline,Jordan
Lydia,Jeremiah
Sarah,Parker
Nevaeh,Greyson
Serenity,Rowan
Liliana,Adam
Ayla,Nicholas
Everleigh,Theo
Raelynn,Xavier
Allison,Hunter
Madeline,Dominic
Vivian,Jace
Maeve,Gael
Lyla,River
Samantha,Thiago
Rylee,Kayden
Eva,Damian
Melody,August
Clara,Carson
Hadley,Austin
Julia,Myles
Piper,Amir
Juniper,Declan
Parker,Emmett
Brielle,Ryder
Eden,Luka
Remi,Connor
Josie,Jaxson
Rose,Milo
Arya,Enzo
Eliza,Giovanni
Charlie,Vincent
Peyton,Diego
Daisy,Luis
Lucia,Archer
Millie,Harrison
Margaret,Kingston
Freya,Atlas
Melanie,Jasper
Elliana,Sawyer
Adalynn,Legend
Alina,Lorenzo
Emersyn,Evan
Sienna,Jonah
Mary,Chase
Isabelle,Bryson
Alaia,Adriel
Esther,Nathaniel
Sloane,Arthur
Mackenzie,Juan
Amara,George
Ximena,Cole
Sage,Zion
Cecilia,Jason
Valeria,Ashton
Reagan,Carlos
Valerie,Calvin
Catalina,Brayden
River,Elliot
Magnolia,Rhett
Kehlani,Emiliano
Summer,Ace
Ashley,Jayce
Andrea,Graham
Isabel,Max
Oakley,Braxton
Olive,Leon
Oaklynn,Ivan
Ember,Hayden
Kaylee,Jude
Georgia,Malachi
Juliette,Dean
Anastasia,Tyler
Genevieve,Jesus
Katherine,Zachary
Blakely,Kaiden
Reese,Elliott
Amaya,Arlo
Emerson,Emmanuel
Brianna,Ayden
June,Bentley
Alani,Maxwell
Lainey,Amari
Arianna,Ryker
Rosalie,Finn
Sara,Antonio
Jasmine,Charlie
Ruth,Maddox
Adalyn,Justin
Ada,Judah
Bailey,Kevin
Ariella,Dawson
Wren,Matteo
Myla,Miguel
Khloe,Zayden
Callie,Camden
Elsie,Messiah
Alexandra,Alan
Ryleigh,Alex
Faith,Nicolas
Norah,Felix
Margot,Alejandro
Zuri,Jesse
Journee,Beckett
Aspen,Matias
Gemma,Tucker
Kylie,Emilio
Molly,Xander
Blake,Knox
Zara,Oscar
Alaina,Beckham
Alana,Timothy
Brynlee,Abraham
Amy,Andres
Annie,Gavin
Saylor,Brody
Ana,Barrett
Amira,Hayes
Kimberly,Jett
Noelle,Brandon
Kamila,Joel
Morgan,Victor
Phoebe,Peter
Harmony,Abel
Sutton,Edward
Taylor,Karter
Finley,Patrick
Lilah,Richard
Juliana,Grant
Lila,Avery
Londyn,King
Kailani,Caden
Vera,Adonis
Kaia,Riley
Angela,Tristan
Hallie,Kyrie
Diana,Blake
Lennon,Eric
Presley,Griffin
Arabella,Malakai
Aliyah,Rafael
Lilly,Israel
Milani,Tate
Jordyn,Lukas
Camille,Nico
Ariel,Marcus
Aubree,Stetson
Selena,Javier
Sawyer,Colt
Nyla,Omar
Delaney,Simon
Mariana,Kash
Rachel,Remington
Adaline,Jeremy
Leila,Louis
Collins,Mark
Lia,Lennox
Octavia,Callum
Kali,Kairo
Lena,Nash
Kiara,Kyler
Kaylani,Dallas
Elaina,Crew
Daniela,Preston
Leia,Paxton
Gracie,Steven
Dakota,Zane
Elise,Kaleb
Hope,Lane
Harlow,Phoenix
Lola,Paul
Stevie,Cash
Malia,Kenneth
Miriam,Bryce
Alora,Ronan
Gia,Kaden
Evangeline,Maximiliano
Brooke,Walter
Lilith,Maximus
Sydney,Emerson
Ophelia,Hendrix
Alayna,Jax
Tatum,Atticus
Evie,Zayn
Rowan,Tobias
Marley,Cohen
Daphne,Aziel
Kayla,Kayson
Dahlia,Rory
Lucille,Brady
Blair,Finley
Adelaide,Holden
Wrenley,Jorge
Haven,Malcolm
Teagan,Clayton
Adelyn,Niko
Alyssa,Francisco
Payton,Josue
Jane,Brian
Mckenna,Bryan
Celeste,Cade
Juliet,Colin
Palmer,Andre
Maggie,Cayden
Rebecca,Aidan
London,Muhammad
Noa,Derek
Samara,Ali
Thea,Elian
Kendall,Bodhi
Mya,Cody
Talia,Jensen
Winter,Damien
Angelina,Martin
Vivienne,Cairo
Esme,Ellis
Laila,Khalil
Nina,Otto
Trinity,Zander
Vanessa,Dante
Mabel,Ismael
Camilla,Angelo
Jocelyn,Brantley
Journey,Manuel
Paige,Colson
Phoenix,Cruz
Amina,Tatum
Alivia,Jaylen
Amari,Jaden
Joanna,Erick
Nicole,Cristian
Annabelle,Romeo
Raegan,Milan
Aitana,Reid
Julianna,Cyrus
Lauren,Leonel
Catherine,Joaquin
Adriana,Ari
Madilyn,Odin
Harley,Orion
Tessa,Ezequiel
Evelynn,Gideon
Elianna,Daxton
Rory,Warren
Dream,Casey
Nayeli,Anderson
Poppy,Spencer
Gabriela,Karson
Jayla,Eduardo
Cataleya,Chance
Celine,Fernando
Hayden,Raymond
Shiloh,Bradley
Mariah,Cesar
Charlee,Wade
Maisie,Prince
Regina,Julius
Adelynn,Dakota
Briella,Kade
Giselle,Koa
Fatima,Raiden
Danna,Callan
Alessia,Hector
Mckenzie,Onyx
Wynter,Remy
Fiona,Ricardo
Brooklynn,Edwin
Gracelynn,Stephen
Luciana,Kane
Alexis,Saint
Everlee,Titus
Laura,Desmond
Selah,Killian
Reign,Sullivan
Alayah,Mario
Rosemary,Jay
Lilliana,Kamari
Ariyah,Luciano
Heidi,Royal
Esmeralda,Zyaire
Logan,Marco
Amora,Wilder
Kalani,Russell
Leighton,Nasir
Cali,Rylan
Melissa,Archie
Aniyah,Jared
Izabella,Gianni
Michelle,Kashton
Raelyn,Kobe
Alessandra,Sergio
Viviana,Travis
Madeleine,Marshall
Arielle,Iker
Serena,Briggs
Francesca,Gunner
Brynn,Apollo
Gwendolyn,Bowen
Kira,Baylor
Destiny,Sage
Elle,Tyson
Makayla,Kyle
Alaya,Oakley
Malani,Malik
Willa,Mathias
Saige,Sean
Makenna,Armani
Remington,Hugo
Demi,Johnny
Adelina,Sterling
Raya,Forrest
Astrid,Harvey
Azalea,Banks
Veronica,Grady
Meadow,Kameron
Anaya,Jake
Elisa,Franklin
Raven,Lawson
Alexandria,Tanner
Hattie,Eden
Alicia,Jaziel
Sabrina,Pablo
Gracelyn,Reed
Matilda,Pedro
Skye,Zayne
Annalise,Royce
Frances,Edgar
Miracle,Ibrahim
Maia,Winston
Helen,Ronin
Lana,Leonidas
Daleyza,Devin
Rosie,Damon
Charli,Noel
Bianca,Rhys
Royalty,Clark
Sarai,Corbin
Amiyah,Sonny
Nylah,Colter
Aylin,Esteban
Maryam,Erik
Scarlet,Baker
Antonella,Adan
Sylvia,Dariel
Sylvie,Kylo
Nadia,Tripp
Ari,Caiden
Lexi,Frank
Mylah,Solomon
Julieta,Major
Lorelei,Memphis
Avianna,Quinn
Armani,Dax
Camryn,Hank
Emely,Donovan
Rylie,Finnegan
Colette,Nehemiah
Daniella,Andy
Liana,Camilo
Brinley,Asa
Kate,Jeffrey
Salem,Santino
Marlee,Isaias
Alison,Jaiden
Carmen,Kian
Felicity,Fabian
Fernanda,Callen
Holly,Ruben
Ariah,Alexis
Aisha,Emanuel
Kora,Francis
Amanda,Garrett
Ailani,Kendrick
Elaine,Matthias
Emory,Wells
Joy,Augustus
Oaklee,Jasiah
Lyric,Alijah
Madelynn,Alonzo
Haisley,Koda
Allie,Collin
Helena,Ford
Danielle,Frederick
Katalina,Jaxton
Carolina,Kohen
Zariah,Troy
Navy,Kason
Cassidy,Seth
Lorelai,Denver
Stephanie,Kyson
Alma,Ares
Mira,Raphael
Legacy,Bodie
Jolene,Sylas
Anya,Uriel
Dorothy,Zaiden
Paris,Shiloh
Yaretzi,Lewis
Aurelia,Kieran
Maddison,Marcos
Renata,Bo
Jimena,Shepherd
Xiomara,Philip
Itzel,Zaire
Heaven,Gregory
Lyra,Princeton
Estella,Roberto
Gabrielle,Leland
Maren,Eithan
Jacqueline,Moshe
Jennifer,Johnathan
Imani,Lucca
Jordan,Kenzo
Paislee,Mack
Ainsley,Porter
Emmy,Kolton
Jessica,Kaison
Alondra,Valentino
Mae,Saul
Makenzie,Shane
Bristol,Jamari
Edith,Rocco
Cameron,Kylan
Elora,Deacon
Jazlyn,Dalton
Averie,Moses
Ivory,Callahan
Kenzie,Tadeo
Emelia,Makai
Angel,Amiri
Cecelia,Rowen
Maliyah,Drew
Oakleigh,Jalen
Opal,Kylian
Oaklyn,Sutton
Kinley,Dominick
Kayleigh,Reece
Bonnie,Rodrigo
April,Soren
Kamryn,Kasen
Mallory,Ridge
Briar,Zachariah
Leona,Jamir
Keira,Peyton
Alexa,Omari
Macie,Trevor
Ariya,Morgan
Briana,Izaiah
Virginia,Alessandro
Skyler,Kaysen
Amber,Enrique
Hanna,Marcelo
Monroe,Sincere
Frankie,Lucian
Miranda,Leandro
Dayana,Armando
Charleigh,Braylen
Meredith,Jayson
Carter,Julio
Sierra,Lawrence
Sunny,Cassius
Indie,Raul
Eve,Jase
Beatrice,Mohammad
Nalani,Zain
Kyla,Jayceon
Clementine,Jonas
Katie,Ronald
Kennedi,Ayaan
Myra,Rio
Blaire,Allen
Davina,Bruce
Faye,Mohamed
Anahi,Dorian
Madilynn,Maximilian
Alejandra,Keegan
Alanna,Shawn
Ivanna,Yusuf
Mariam,Pierce
Yara,Ariel
Anne,Ander
Addilyn,Conor
Braelynn,Conrad
Lilian,Phillip
Dylan,Arjun
Amirah,Roy
Lina,Moises
Reyna,Arturo
Amalia,Johan
Amani,Gerardo
Ryan,Atreus
Calliope,Nikolai
Isabela,Braylon
Michaela,Samson
Abby,Hezekiah
Alia,Kayce
Emerie,Scott
Lylah,Gunnar
Holland,Jamison
Sevyn,Samir
Winnie,Keanu
Leyla,Ledger
Shelby,Jaime
Rosalia,Finnley
Zariyah,Cannon
Rhea,Colby
Emberly,Nikolas
Marie,Emmitt
Nia,Kamden
Remy,Miller
Chaya,Boone
Haley,Hamza
Kaliyah,Ocean
Rosa,Mac
Zahra,Anakin
Jayleen,Brixton
Karsyn,Roland
Malaysia,Huxley
Jaliyah,Zeke
Mina,Danny
Kensley,Marvin
Lennox,Otis
Maxine,Albert
Hadassah,Clay
Mikayla,Emir
Margo,Boston
Noah,Bruno
Azariah,Lionel
Mara,Ozzy
Eileen,Taylor
Florence,Jamie
Melany,Augustine
Reina,Chaim
Journi,Krew
Amaia,Rayan
Kaitlyn,Alden
Elliott,Bellamy
Kelsey,Amos
Nola,Drake
Gloria,Davis
Keilani,Dustin
Freyja,Corey
Arleth,Ahmad
Jenna,Conner
Sloan,Gustavo
Analia,Layton
Louise,Abram
Melina,Axton
Sasha,Chandler
Dior,Azariah
Thalia,Reese
Noemi,Benson
Maci,Tru
Dallas,Case
Marina,Trey
Aliana,Mauricio
Ezra,Westin
Adley,Gage
Cassandra,Reign
Aleena,Creed
Leslie,Mylo
Capri,Dennis
Mckinley,Quentin
Angelica,Madden
Romina,Rome
Della,Julien
Kathryn,Sam
Kyra,Zaid
Milan,Marcel
Tiana,Maximo
Khaleesi,Layne
Nellie,Ahmed
Cleo,Kannon
Murphy,Quincy
Bethany,Yosef
Irene,Aarav
Ellianna,Lennon
Zelda,Ryland
Aleah,Skyler
Janelle,Chris
Yareli,Eliam
Adalee,Kareem
Dani,Kyree
Marceline,Dario
Coraline,Donald
Estrella,Fletcher
Ila,Darius
Iyla,Duke
Mavis,Rayden
Kenna,Salem
Vienna,Vicente
Zendaya,Vincenzo
Cheyenne,Cayson
Erin,Eliseo
Karla,Issac
Mikaela,Lian
Jazmin,Clyde
Persephone,Wilson
Elodie,Santana
Selene,Tomas
Chelsea,Dexter
Scout,Keith
Theodora,Houston
Lara,Harry
Marilyn,Uriah
Novah,Lee
Ellis,Rex
Charley,Tony
Jemma,Carmelo
Amayah,Alberto
Karina,Loyal
Kendra,Trace
Miley,Alfredo
Laney,Riggs
Laurel,Forest
Leilany,Raylan
Halle,Salvador
Jenesis,Jakari
Malaya,Zakai
Marleigh,Louie
Wrenlee,Flynn
Zaylee,Leonard
Fallon,Mohammed
Julie,Derrick
Priscilla,Musa
Bellamy,Avi
Adrianna,Ty
Angie,Westley
Siena,Ambrose
Aileen,Brycen
Macy,Aron
Estelle,Caspian
Hana,Gatlin
Martha,Harlan
Flora,Dillon
Kylee,Emery
Liv,Nixon
Megan,Tommy
Sariyah,Watson
Galilea,Zayd
Penny,Azrael
Jovie,Zyair
Jamie,Azriel
Amoura,Legacy
Emmie,Cillian
Henley,Alvin
Sky,Bridger
Christina,Alec
Violeta,Edison
Arlet,Kingsley
Belen,Remi
Aviana,Briar
Kori,Jaxxon
Monica,Truett
Savanna,Lachlan
Naya,Cal
Alena,Landen
Aya,Roger
Waverly,Alonso
Brynleigh,Kaiser
Aliza,Blaze
Kiana,Jerry
Love,Seven
Clover,Kenji
Pearl,Noe
Skyla,Quinton
Bria,Grey
Ocean,Jefferson
Alisson,Marcellus
Treasure,Ray
Lillie,Kyro
Jaylani,Benicio
Liberty,Justice
Rayna,Neil
Milana,Idris
Zaria,Bear
Emerald,Kiaan
Halo,Wayne
Taytum,Ben
Andi,Junior
Milena,Karim
Noor,Yehuda
Kataleya,Jimmy
Kimber,Ramon
Carly,Bjorn
Jream,Nathanael
Samira,Stanley
Ashlyn,Hassan
Hunter,Magnus
Marlowe,Trenton
Promise,Brayan
Joelle,Brock
Dulce,Jagger
Lea,Cason
Ashlynn,Dakari
Zoya,Rey
Elliot,Abdiel
Jolie,Abdullah
Kai,Casen
Bridget,Jiraiya
Johanna,Lance
Paulina,Misael
Ramona,Alvaro
Aila,Robin
Jessie,Langston
Mercy,Nelson
Rayne,Wes
Rivka,Khari
Arlette,Landyn
Paula,Jakai
Valery,Lochlan
Birdie,Valentin
Nala,Keaton
Kelly,Amias
Kinslee,Joziah
Linda,Thaddeus
Madisyn,Jedidiah
Aspyn,Orlando
Baylor,Eliel
Chana,Hugh
Zaniyah,Koen
Goldie,Calum
Marianna,Enoch
Novalee,Mitchell
Loretta,Rohan
Elyse,Aryan
Stormi,Dilan
Adele,Aden
Berkley,Allan
Anika,Leighton
Marisol,Elisha
Kassidy,Evander
Roselyn,Castiel
Louisa,Curtis
Alexia,Kellen
Dalia,Dash
Ensley,Douglas
Hayley,Eddie
Jayda,Melvin
Harmoni,Avyaan
Jada,Everest
Marigold,Zamir
Zayla,Ricky
Ayleen,Dutton
Natasha,Yahir
Sol,Devon
Annika,Franco
Malayah,Khaza
Drew,Dior
Anais,Leif
Angelique,Sevyn
Zhuri,Guillermo
Aliya,Ira
Azaria,Emory
Zora,Felipe
Allyson,Titan
Brittany,Alfred
Kamiyah,Azael
Gwen,Zahir
Vada,Kellan
Giuliana,Darren
Elina,Rudy
Hadlee,Ayan
Itzayana,Leroy
Jianna,Anders
Cadence,Ishaan
Greta,Reuben
Lilianna,Boden
Denver,Mccoy
Robin,Heath
August,Kase
Jazmine,Wylder
Royal,Judson
Braelyn,Khai
Celia,Kye
Yamileth,Axl
Avayah,Crue
Baylee,Ernesto
Iliana,Ahmir
Teresa,Zyon
Amelie,Aries
Judith,Mustafa
Kara,Santos
Lacey,Dane
Amiri,Damari
Elowyn,Elio
Georgina,Jadiel
Justice,Jovanni
Emmalyn,Salvatore
Harlee,Mathew
Kamari,Kolson
Kaydence,Nova
Khalani,Brendan
Luisa,Murphy
Whitley,Brodie
Bailee,Damir
Cynthia,Rocky
Karter,Larry
Livia,Fisher
Aubrie,Waylen
Veda,Byron
Janiyah,Ermias
Salma,Joey
Araya,Joe
Aubrielle,Jon
Bexley,Arian
Giana,Chosen
Keyla,Jairo
Katelyn,Vihaan
Saoirse,Kylen
Sariah,Ameer
Araceli,Dion
Artemis,Jrue
Averi,Kaizen
Yasmin,Yousef
Kaiya,Bryant
Emberlynn,Cullen
Amaris,Kaisen
Sapphire,Kelvin
Kallie,Zen
Shay,Kartier
Guinevere,Randy
Lilyana,Shepard
Magdalena,Alaric
Tinsley,Cain
Zainab,Jeremias
Deborah,Alfonso
Kenia,Brecken
Laylah,Colten
Layne,Gian
Scottie,Rhodes
Carla,Wesson
Chandler,Duncan
Rosalina,Harold
Kairi,Henrik
Lauryn,Harley
Nyomi,Alistair
Raina,Agustin
Aubriella,Jericho
Elia,Talon
Lenora,Westyn
Lisa,Cassian
Nori,Eugene
Tiffany,Ryatt
Giovanna,Shmuel
Jaylah,Braden
Rosalyn,Yahya
Chanel,Aldo
Maddie,Dangelo
Avah,Ezrah
Leanna,Korbin
Luz,Zavier
Addilynn,Bronson
Brylee,Teo
Casey,Jones
Laylani,Neo
Tru,Stefan
Billie,Van
Lottie,Mekhi
Alianna,Coleson
Meilani,Eren
Lexie,Ignacio
Nathalia,Kristian
Avalynn,Harlem
Julissa,Zev
Paloma,Canaan
Rosalee,Cedric
Rebekah,Khalid
Simone,Bode
Egypt,Gary
Scarlette,Rene
Sarahi,Benedict
Alaiya,Maxton
Hadleigh,Thatcher
Inaya,Wallace
Keily,Davian
Lakelynn,Gordon
Nyra,Niklaus
Princess,Yisroel
Rowyn,Kabir
Vida,Osman
Elisabeth,Adler
India,Darian
Ryann,Terry
Barbara,Cartier
Belle,Osiris
Saanvi,Vance
Xyla,Demetrius
Winona,Kamryn
Aadhya,Lux
Indigo,Stone
Lakelyn,Jaxx
Paola,Kooper
Emmeline,Rodney
Joyce,Aurelio
Kamilah,Darwin
Maisy,Jakob
Rylan,Zechariah
Soleil,Brennan
Ainhoa,Marlon
Maleah,Meir
Neriah,Yael
Elsa,Asaiah
Emiliana,Atharv
Luella,Imran
Nancy,Ivaan
Cielo,Kanan
Madalyn,Kalel
Kahlani,London
